PK!bh^[Content_Types].xml (N0EHC-Jܲ@5*Q>ēƪc[iiBj7{2hnmƻRU^7/%rZY@1__fqR4DAJh>VƹZ9NV8ʩji){^-I"{v^P!XS)bRrKs(3`c07M4ZƐk+|\|z(P6h_-[@!Pk2n}?L %ddN"m,ǞDO97*~ɸ8Oc|nEB!$};{[2PK!U0#L_rels/.rels (MO0HݐBKwAH!T~I$ݿ'TG~<!4;#wqu*&rFqvGJy(v*K#FD.W	=ZMYbBS7ϛז
?9Lҙsbgٮ|l!USh9ibr:"y_dlD|-NR"42G%Z4˝y7	ëɂPK!xl/workbook.xmlUko8w+xFjGU&J*`p֘&U5}IHjlر}}8csiTgHh[𒵫"7|]$iKRNg.~|T\mHw״%
0+[JʮT6i!
aC)|dMy7;Ak"~Wu75)p
(xV3<ZSUyAV׃FX`Q
+R#}#w)4$X	
/aA4/Η7;jdLUZjɬdS}C&D{Vê5	,_7/vZI<C lT$#%-4upmN陠p_ZR䡻&zQO4c'wGZR?w~Ś59$Rl;B<AI ؾo?	Pq`Ƿ]Ob=KױI
/,8ehl4^cf\{M5Զ-$ <Uχp3޲RVS'ܟ*]qkKQ/qf>=6;BB2	" (o8
W(pzlS04Z]CuMbV⡊㶂\uC`zpzA2;e$Nje$KUREAGx#2&8j'%~l87 #=pv'8M2wpӎ5nJdGTa6&}pw,͉Չ6?58h>^d_GPs(jM.PK!>xl/_rels/workbook.xml.rels (RMK00wvt/"Uɴ)&!3~*]XK/oyv5+zl;obGs>,8(%"D҆4j0u2jsMY˴S쭂 )fCy	I<
y!+EfMykK5=|t G)s墙UtB),fPK![sxl/worksheets/sheet1.xmlێ0+,߃9$BV!iԽv{v	VlLm礪Jh%`3x<{<)X~.Dkou.5[8ivfg+Bm3\9פXVqE^×RE-DJ(DQQ㞐{,+׮.m%;ib#pbӶֆn$}
G+;l'%V2s-<ʮ#bA>R\Y, l|ˤ{Qd:֓u-UIMx-$	&yemU2Ë0}&&YA??wcKA7ZڅO0vZ&eNKXmw.0rux?]K3hC-_jKK8:/^g}Ŷr0@my-T(i}'R=}t'3㩟L8j0{!U'x$%}؏Ic9(!^9/\o"Oy}ے#9ܯ{2yc;c.֍EFkc2Y@D#HS7Ig ?_O˷۟?ҿm8~˷۟~_o%	Ͽ?goVor7T_W~˟SF^Rˌ"ⷌ8:"~0bόFĉx#xc1"OYcdwZ@*x?3dbωŉJ~wwtbSY([.x,?r*%TrF/jW~~'7}hzFu`.`_9z*%mv:*ٓI^fy/d
?'>Rr0P3X6~a&Jlz1O,GȑNKƬW
;ׂlCu8<[ArIIխ[P<v WruG#OqG.*yˎ\8ez='=zo=T(C.a?``YMvu`.|o^>~R_%%PW~C,/19(i8D%TrbnWNk	p(T{@ït7C[;KuAK*F}Fr*;J}!Bm	J_]r}
'Pdp*%fgKgju?RzϤ۬YO
<7d
HP{y>>Kc^/3.?C=<|5-5os}vVd/˨a=
zh:&%FA#juBޝedR
>M0¤PCQ\%ThK%5BgR_$%ʥjy}ՔuGÌ1iRvt1JD%/ +k07~Xy~MTy9u`.|<
3BuذHB&)%v;Kn}h.&&GRpUTk+ItYuzGI/B=<q%IuvR>K[P"ώ
\C%/CK;.429J%H;\V	Ȼ-mhfE@v'.z;)HuxLxq	[}Xt˧gѦӏ)GFZaՌ||Ex}QΗ Om!Nw~J}-cZ乗i^od\;pb/6YK2Iaho)#|Ä,twEH:v*~MQ	W@nV/Ee ~~J-NC'<Y牋^U=Nحpoj6j@ʎ.TiJdg>c~x8`Pe6բԎN;{u$( Q\"g.:qыϑ	2kv(tnƲ?ϑ8yDU
GE4orh^۔س0'؎ /ͱ4z%Q'.z"o'؎g!?](Z	Xsɬ^3o77)
w5D=q
pLɁc2@ߏ݌ybُ	2sĸ`?t" ݤnNH_tNձ^nSq6S;KW}*T)~ES,Mf[%=λI:Pl)t;SAgmhyGsA^ 7U%>k}S%t]Jh$_\73`N:Fp	$ZHEQ9U<yLyO\E)Q`_֞U+ǻv8R6ˊbY*	הX<x32iSXKX&jϲ=ͪ%rn,h@g.:qыц3j&=ɸml9v}T=AuQ6WGY'6Ux.%rxA@~
"ﭨY)P/f9"pU*
)sRkQ0|,Rj"1Tv]a8_>5Pk2е-P,IARZ(E\t3(*
	!&p"+)Q5ڤ1i&z@U@±J^_>S3YN0xa)?f;/'y|UyUN\b
EWmgL^ySizNàY$td=TjٯX.7JZU~窄q54L"Jqѳv/aNX3}vuĈU} :k}Qpی]ޯRΔ0NpCV`xmߤwcnڝĺu#;|Fa>dL{CXe͹DKW}(9LIzIme1{V+&0^Ao
4+QH
8)J?>(ˬ:H< #aYm{,]d(+?֧\@7ql$/rgHyID5E/ZM*A#IALr̻vyNKvيOu?H{tKKİ7ZIg]Jre1#,HwW,E/f޼ q^$m9hQ&C50~(r3vz"=yuĈ=cF)Ar3F1Eו=f>	(,9b<ubԋϳa
élm=ۑ]!\H)jD裊"0N[:[۔	XCc}
	50<*hY@~]	6IA;e赝NzvbꢂYp{a*8>ӑk3s\gI"( $U?M%w8;o#I!I	NE?=kC3oe*eHI'Cva6$^go;6餽];!Vr\a=[Sn!xUF"^/z$܅ȴ=sщ^w&PGv{<75[tC5O%i}Q=K誟XOGp4@!9qr,?S=bLA
J4ǗbH?کf(S
HWGQAT]a<Ki?9Az~a[ПZoG8RW{+gɊGH60ݽN|ȗ1a]q|ē9YS瑬,Y|I	B7a蓼> j=,p.$gğotP3N\"ER3vcz#3F3׺j'c骏ISXڴGm;xs5}hd,?^?ZYv'+³p6\I(0n1d}r$Ӵέk>#r+.ڙβ)\#~RR;c͚ǃ]
'be'J8AJJ(Sxς(YQ!cjI.Ի**>L5n:~䟱>Emgݯzެ3濟*fM]l$p32-=vŖ{xы
£hR.R@޵<uc>:|egm)G??c=	]}g5I#z<[g5axz7&\4l$鶂
dAQ.&E'+jmHJSE[hRx%>9jE;L\a5Oͻ|798~"-dLisŞr<X0m~P=5yfM/z}7Pu(z!QďO-X1~VNSn&/hҶ-2ac@LT d+(3O:]~4CU?@rv8	Jf
jC{\]Tr+b=M7o1Q{9
uer[$">$(OD-r;+r;ݩn@bcp?UQGP*iֲܕX5WI3W9tWɒ3S`xY)އLP7PAJޡPekRmȜ,wyNbFmpRl٪r\ 4m@H~Xg<cf
LVj|m0;XP^"ZdSmY#Q>]QAwU[Xٰ+,ƱbZu!9CE}1_1X?>fgLO9.S~zJ^ls(@Aǧ{
drZݼ9F^l!BEP:~5. <-=k:
3֯h{ϝF8r)ZX2?<2d:3HIg~(MJ>#QkǤvA0ܠ~fH٣,F˩-{P{/ҹB{䍀9fNRr^ElvS0dL6f1"zJIP,(MJMj혔5Մ^fH)f<eAUI)'B:
3"$")C`.qrʖ{qYqˤmi(t'
ÒP~;Y[4v' lXV33Qָ;It4ўr\gEݬI:!G&aZ).SJF8MȘ%X)QTQSva^vb̃G!%ngu{\Ln!귓_KF5vɹp'PWvb$S{d;^9KsG8ق
peq
|0+SY'}ن5NwW\P՝tr儝u`clo!>	|EL~XOʟf0
]&Ɍp0=	*8Tdh?P@ymOS$5C㢿4BAI蚗Ht&g$Э-ņuG2mެ0&	eB.*s
oy)NT۟Z;Z1t{Q6PS~dc`h^A/v޹[ΌprwZys;Yww_lOEpQ4n\_p\,Nu!|)zrdc-l[m))/W-SjF8ל
D$凢 C,DTI\g%ט*$Rԗ(<XzL֐c-3G22f#݂
cFQmTv	Y^tU>J0Wd9j[D\Ki>pL`VLHQewqb|H11A~b6?YC%ۆ}U=5R?EШ̼S;=:,.3z=5֧&}kۢɵ-"I4D'AD6Y#$$UAu{(Qj:b:jԶj\MK	nH3ip\-}~dChuEm㏆ʛYCv26
hbY8]lkR❀ln,{uiWR4rǟ4b'7;
;T(*
qx]ٺe̴89	҆3%7VtYWsfpcTbh+6#!CPMECQyڝj*<V[3<-_$n&xD<5~~/c3/#GE))(%N\[&p"%ŸEzp7H<*r$ݜ̔y12{7qf!6ʬ粴-](sy섘Z;*qRߚdSKS~2}DwZ"\E'+jqz\5nq\"4Xa!t;`V{pU|f&u}T`vQۘpɊmWum1[uų-=m^ZZҟ/R_(=`Sb
Ϧˤ_+$9N\H'vW#aatbrlǤ^cLpօ6j_#}!H70ؚh~z<a"(|e'NPv(6l3brnj6P,i^LV{
hZPj߳n
)j5'&6#n
Xni&fBohT`(k&jӑ5j;V<Xfbfb296)-8~__TmTB;x~z.\5$@b\&1K.v,L]aqb4
tU[I4J:)>Wheþf-*F%v~Lv8@Ȳ\vj;r.Du	jj=rͻٺSP}H|0uA9$^bskϹۯkQE۠$nH0:_&pb--TYđ>iEHvj;bmwTS3p֝(JmannVǴC_ٚ0շGs{ľ_>CJ><>=QDgdzpXSqv%)c3Ӆx@'
״r<t킂
Kav#<W݅i J{<|pDU{4.vи>HIE'k&?i'm	jr=wJ/DRw;;%}p>c㭾:aX3F|uΓ<#1ҊS4;ڑK!_2@Qmv
uwsה|S~gmq_)믱~_P7,a3w+LO@(?}>5-1
TBUtǙ~|}_yD u'K*;kkފX?W@W?b=Po5Q@׆GK\(@j3
dӭ6[S5.lD2auֶ}go0>o#΢(KJvIqID#'.T$QT|֎9Y;So{US3:Sc
q@(SmQ2FH%̼fXyVx#?,SF86fO
eHQqv]ճk[nr_aHQ3품VʆNjk~dEe5W&{<>tC]MLcIQ.d$E>ddE7J|j
y;$&=ޖff%-AR:2L3Ҧݬw5/.ڻ/߮SQv˜W˔N¶MA~^d3_ta$53.l9	nCR.Rf>NXOޗhKX7p0Sqj?U+.LDHxO!(EHjw¢)ڂ:=}U33t(DB]c%Pg5֎^O<+Jy~T
kݚ3}p"%*!EJjwڤv>bw|b&lUmP50ߜD2\k@E۝Ǣw u?5q"_$ￛv8'ru~S-O1՚+Z	E Uȣ+FQ
mvQߓߗvI:of/z٧_=AL?񴄠\$(=sɊjsnՃv*pNĕXXyV6tó@2g#QMxRnKn[QcvZ;mF)p81ffإݘ1n|hfi{%!8OrADB
eFlNaq9ʜLioW9#8<'YT{(kX
jdz_K5.ҕܰM	pVtyiEboZ!~m=6h-8#;oEy*#(1dEHvǑg5ijgg]z٪u40&I$
݆tX_ɚܶXmsvRse2'
>[Q,jAZ;E!Pφ.>S33RhVu$zY[{N+usWc2HĥRe'Z-(/jzAdL6#.Ưjji]ʋٺ3
cmP&ijp
pJշ,H8.[F8Q4Dqp,Ta
at7#ig퐡#e(|\~:?+nVߢt2wxLND8LTu,(ʥ[}4MTDQ}{{7銭%o\z=9P`_\p@ӋpY5򧢔u}=/p$!ZPn)r_Ֆ5<YoQxmf\
˵r2tDXK\kQJ~/M˯؞sm.(AQH2d	ioQrţ4ѿLv'+'qB'58?~僦On vMZ!կhnOEe67t=.NF8
{N-rӊ[nw#cÄEYۅz7T2k}LWcϗh꯱;"佛7
*l𮸺|L8B\D
*/;S[DZQcY6OC\E*j]ٺp}S홭hJ$^E+X#V^8reՕL =z܎YmEsNvmCa#&_u!fvcɤ#ʕΊ3䷴A"z^*I-ɿeȣľ?	*8Wo
}@4Tɬ5Yr܅55.l:iS3˼E~{KC;~Mo`nCbf>.OF8yJ({JO;.:Y8LG/cvevi%f.A"RBw^)Q)i+*sqqF$>=L:1ڏݢlaIyfɊ秹&˪ͺ}Gy˖_$c%d5N|kY}zA:I6>.SJF81wwH"}͸YYʻEڄt'a;h~:Hg6=W䲦cT.AnH4-~82e#wpL̢ʇ
dÊR/
!y
Cjzi2fNӹ>e&8\tq3ݨrDXLC67wK($]&{_y~{9*z߱qCim+I+Q.ekk{P:J<
}<G
3ҚRYTk2IuA;YEzɤ\7I4ʏDAvEpGQN9֤_Qm
u55.lՄC}1A4Tղ&-ªmo9$JzX4IVO[`%2ɏ))A|xqS`Yj_Vʞ+e'W5;-9bͺ>ػ(P?^4#qu-3@oa9(0!RP|!$} {xic)s+GUZ&M
<|q7;6G.Yw0%kuy#!)rD
.}&(	};芧!&d2%ѫRX4BE:גXi9DE2zazQKqT,tݫCK{veF1&quՍtAeM_Z^ $zz6.߰TxG-*J?v5dg-,xJ8qDr]*]Ԙ'_M	|\7']Zd<y@T= *r*ew u0zy˹JYZ}eMEP$`R)K)T ϰ_BHeagk$1jsxwXݪO,:'<~܌s$Ֆ7OXO؜wGX(.YP={Nw@?(53߂MbzٮtaL;x[x߂¢*2I+HeɓՔT8G6a%'8A&M<y"4#pKH~1*[`drHJxZ&d<ߘ|dLe1^R2*#$ѯҒnceŨ|r=FVdEx꡻Zs;A{$iX*6vG\;İü7$NJ	ʥ,lf73oT85dXvs=l%CdV<R,ݬX`5fjcwqTpǂkbR
TaU50JGOJY^EJkM+1A7ksR3fČUix?<4=MAZ$.O1T4(f2p.o:Wa#fk<͎; j[yJm14Տ i68:v˸&L!nO+ XY3S0_\o0Ue#e/'D;*]dT:Ɉ'֒N"xܞYUmڞ
eS|eek^I'
cntb֪kO}̕n&j>WoکeA_98X'ZWQ|aM&
Be#x|6|RtEvƢ51QOrqeg_27Zj{Hf?5(*|HH&/Ñt{0,aF</f;YeUAE\o(>AW4G>QƬ}kFDjy:SvbxZз4gM_{=prf}{&
&ab3≶Bvж"HhL1\YSQsA>@<y"0PAꡝ>DݐJ+֫EҩDa`Q)ˊV>`Y^n?NeO2.W+J6+JRe͝x|<Xڧ"N"؇Z
љs&
5J|Pz<h?1C4š	)N%qOiUԡZit}!cyH(R
6Nlb_
~,]4Ģ'I
R"+OZQ
Eg{)J_.[OUfz:3#3}TA3euf袒PE@;󊠴^|.2o;/'O9i#Er4tk)BZkIr=n.2Q{`iY`wW(@t^0ôΔ.wCti:/R^tcbfG	0s2%iX/xtGT%iX*\,(d.ԥ#xzd4Ksq4l3-i5#:ȟ{:]MP]IBC(KpDzF(31k:^%x"iIGZ#+skg'WZmk16ZMKb/%sXmcQBU֎*Һ;-"Ј'Fa~(eqe\1VdiEÖ54G>iǬ-&xVVQAxgQvx(jl80xL7gI3vfx%(CZ/Zxj|o밌vV|2ZQd`k>UQ*=i>''
r0(6(AsV;e)8Dgj^x)^%4l
Gc?beŇV	hCHЧ~>r&H~
MՏD%/FpxTbz:3≐A`3t2Mꥬ76ҏk`o:i[Bߕ@RS002M]ze堰\(_CKG%)MYYX,M
Ï6qVCsޱO1k9CH#*]ϓei'xе&%n%hcDPYKkLI4XiE=ZC2K4-M4*4-Ci~ekc

P,40Cm+E֚as_`,ݷZ
g=LJ9뚔HbG*eyXQkaTk	neq7
}YуB13H7r=t:H<k<(5[v{}R{WXXYʚ!Ij,Ȏr͑q54HoQؽC"LZ^ʈt!R,^O'CMӌ1(֧[#3i:T]SOn
6k7SLyEѲ@.[&Jv	66 [aslڄxQQZ/1#a8JsK2J;|;$f3Q1й_sf3aǾY-0k'<
Ֆ=m~@:f{/C"JPs7ڹhߔN.Eݾ0]J:]^XMyf4≫]Xjڡ$CYlֲfdX'1ym'e"
2h7gv$`wyfH4≎ty"+x7CǊnġ-޳<?)Was;c`I4h8ƏKA$~ +sc9A:9*hhNj>ӋgT?%m
E#J;w=˞.KszQMCzRk+Ku"~F˂H*⍝$4Fqiď PVU7X6yfR3kVX`DE\8r,Pn.2C6q<x۬Tth4J58*~LŠ#iYk*1qfdx7x>
lEQۥlUn,yHY
cnc0'txV[g02MAidatd!O9+͚SrMc/Pe7($nõ,+"ZKSe%<5a3Z>5{ThCie*MAO 5:TCS
rˉPI5=[p
.Tn6f3P'(7VjV决lq٧ܘqۆ(Tw70R#P=%0WQv6Qߢ<MZF`CY+eǖflZ&Zrlo(X+֚Ql*#QBGoJЯF&:t[y/\l6룹M,y3rPcrw[bÎ0vܾ:	%X*(]
O1kS2(#s4"|GCHtJm05Y>s|Q07>OB2f[oYxrc״lPRG}tV\a3d'r|(8U?Py!~u+r,Zqm&nێi6.|F<1tt2iSsUiFȥTCs\_'GdKHPbkP{Hl
`}lb a7gy=~Xqv4⑟k6ϊ(MIMOifMhds"hWnUmfK$ĬXZAQŪ5=&rlJ<#HfIf{d.L>̻͚q56ǻ?f=3s#N1}/Fei%ID&8M*
]oPZڊ࿳͚tqEf3DZKڶ8xk14>eI5N#s`T׽Dp'@M,
J]X֪]S.fiެBqiēeE\R\;$j(Nq86>%ɬMl!*SIMRa]=m6'hC0&U#bS
.F<4X]v,81+kd"{5LP`9e_ׇG]},CJP^qR˴B>@(W͉9@)^!ՐeO\^Ĕq;-L]ijJ$nKl{>Y`U5]Ozi֌APMaKn&/{~3⑖HAaa)EʔVZ&ZVZVrl 4:bin^xdMcr#55 Ht5<q2;Dˀ\D
&*gzg#þ_h)BFHq~XIֲF2
ex9jBf.*vD)~~M#yaHyO3*7"+[c[}vuO=VZݧO"7=
<@\xZYblOh}7Xb{߭ߜ,kWpZS,64-tF<P'̊xP箵SM|[e.{w70DEL0hɀ?nc>BEEQqDL2bx׹QYU0%|:MnP9)r)ϊx_CqRg
UalM$4}j(X3eÁ<Dzbs]߇:!ݜ@EhsbfPmX*7>5yjԗ<WBUVQV
}YM(}cBXoЌ!'?ʮdI\7˻Or:H޷?x.	A2p(oL~Q1ڠ$!7(5#/0;{#|PSURζxRؔ0T4%ao36r?;<=XwMlZ(RfqRJP&(ý2e᳃YBQU?Bp*TQV1(N|uobE^Ś
auR>;hdC K4
UIcv_Oa;VȝvBn]f.#doE
nXeTn^r2p{MZqϬp;hJq۩/ۍ}#A处@q9;csn{)M6<r6MU
VVй@tVT-ZEQ:VOqboVPg؉C
Q_+&Vݞڪ+'T9a͎pm+h[Ͻo/&}r$xxk-``Xkm"V@X󶹩DDq,ցŇ6[%LBڂ@aHv(zi͓[%]9찢ɮwMH밝AR^iq5#ppaD<	$r:`̠ITi#@UP`zۈ]eowN\}>uO p*e~5NSd#X_4-mX~P DHRXP ]cogAB!ܨ	(vé[+S
U(3D6tGBs
p3ȚݟlqR
iz`oB&գ*T7kOqUу9'nF5[SO,ŊL*U:ӰTm9(CAqk)EamԓGs-Vi`3Vi[ڦ3^.mMBM|_ԢdU.(NW|P|WӍ(,䢿pq1.4uTO[z.;lp_<iXM|4$	7}:x`Dc:U6#`^޸GO-`p9( 5k_nt3Daf8'FmⱨMvzS,{ 06sOkO'郏Y7P^sq"*\x:"~YHew뀥0 ]wR`K]5XmnrN/Pn]*lFL=KlHBT*b,L
e
HՃ|=,ՑgBMc|Q4砬s@|&J濢]c448qST.[(+
'pƼ=c GDGOAyBqٽcA)$yDY
-Q?Gܣ#$$
>mkbQbi0

Vk3v	;Fj'G}C&ڶ}1pPg]yCa!b*[VMxCm
udLN%`hƙ5[ѐ1#ăy@BVZ>mI씊)
*Ϭgjҿ\_qP6`<-,>:rRL>&v<T&4\}i}Ìvc s3(-&Fl"OpN*p;"q}H6<ɀb\˸z4Ie<i_:H&tkB%O	éyV߭6w5mtPf_,ʀIG4o1v=j)Lm^mC'L*8B9)y06zҭ-r:i Tᗓf/cZђTAg_TMtFXep~Y6|&"?
D-DpSZ(*QÊRƜv0c"1m!'rXؽTzL1f?wYNU
BoZ>5Jq Ez
paBa1>3wNׯ>صBZK89Ar_mBtRVum ėlej(=yɦ%mJCQJUX$hkqB)>ge6cߚӭmQ", ^J;젿+))+zv#L?rr9xwߩܾ
B̈z0jwc~}?;9$`
CJ,W綿P6`~M?=xȚ(vKr`!ŨPyՃ!Qh@[Qh>(<4z"$uRsrGB.nB&):lwiP:c9ؐ,AZ2Ui}oiEU,EB:H{+3=Tʇu+жpX6ֲ@[Ul-mfTyGLvo
VV_*xSL޷5Rֳ_YuJɲ$Ɉ(9vc*PL7A^ԘƔ}{YOۧ
{-4&k:U=r}"[v4ԭmi9A*lpe%XpJY
Fy~
]`ؿT6|RR0O;m*SoLT,h'2&[}yAfJ!1$jD@y!h
g8%;~xhብT@aL6!K7Uϊ՛	܏'X1uM[Jw)) 
c"T483+ڿ^Ӧ@LA 9̃ЫJaw^նN<6mu8Œ{,zVTlR^0,h&uk))3?TS[yokV)V	&D)½ mF5P]\j<ԣ4$
Gq-bMȨ,2I>pr鰦MR8,أA%`0pSK`$G@+CG²_>p\*,.\@GgET4Y6|EfsJǙnՐ<	2WU(iXqAe߲j/I<Z=u^+]畢CN(n=,܅
yAgE<*\u;8Ey~2(4t[%,|wfK`ZZ*:K:,Pt7ɗ(+''1/l7tk8I¢p2(9R-Z*!$:Dxϋr	bOEg@(}BAPvJ@[U嘆_JP3ㅍn	~k~[[s˔t?6	 NR}W;jX⎊FK
zb=6zU>37[?/{G56
Lg'M(XkCɨ678M#jFu
)@44'9D7C
0p\}=lxtf[L_CAUPԥmy	mWt:O:wt)p58IjTTQf1í{|;lx)e),=loy
4PL>3a)	]}>uؓGĂ/Z'~5eN	JJE)aw.6_ވ+Sܗp6<QH
-7#Uf2F*1䌺kPskݽ*ޱf5'X_HePlgWqA"*U7k*(&Ia&MZC]TAWE8hAi!Ӛ=̵`!TҪ5?dTDx5>H6<J-),Rev<kt=W_,努$3ؓ#ISof-Ev"K@qUqRr!
$.WI ϛ㒛q$~P]
*zN<#*ZK??.蠰qMZ	T(x9o`o?"Ul"meKPvkg)o
\6sZ~jQٓBzJ)󛜗psM-Z	7ZypE[bQQD_mgc8̷`CeR}틁o
Ok
1sX)ţ**&+2,Ԥkgt"3*,8AO,@Ž=i/΀/*G:S-8:uh>S8D]?	Rl6HQOnՓm16ۚ1fY~l~RS?50"T&q@h<&r#nvSS8BU U*L@UkRz
ULUH{9^C3x6!_ꌰ3;YLSyʔ
!pi(T%
$QđӉZAd&Tl/'SYHM?`5	͘iZ4RU	エldYŅpfXjg!w<i9O9IYypXאR34kVl>iz#&-rⲙǝX~$<]Z,r{o5ƾ:j|` gURCWl*^Y	CaTumHڜf]mnk16Β%D}1]k9c*UoGzLm:j5l^YBUBn*k!7]OQuE|mAN{;*|!aǪ&j\Rn>:A;>oN9$I-V)׳hIKnfrH`3.Uڶ%r|l4KMP6HNHzk1Y5uVC56k֝_W
OY'sy}hЮmI--ض>r MjFK|jC[fN6WI@AbƆ"j@hyO%]3EcBVSsXHY20PvD7
6#%Ufg/AK;$\b08LXU\MȘ*1ቊ9HE֣(m,ԧ!V9';'g>퉊xi>JK)4=D%$@źEq]dgarPj_7|&aې#*a&}/.]mn:RqڱQXY(!x|η<DM\_}|;P.%dY
E
fG}FRNFB*,RupimBZ0RdnLH5Ki{+/tN.h<69SP6?%bۭ%aqP3+~,Um
զpY:]3<#3>E`£^p7}.W"6saAF
݂
ßL*,p0{AfӺI<--x{s96mD6u9.9LxljehYc1bokI$wb+ذ
PHr1=Jeyw:(lx"c
'	5ߗ/5=IopsG`5Qeݭ,لk>Z
.GTgPajqD95XOl͝*.I,MVwٓ:7f\VX9W^pb/2O~,mTg?W5b9Z6<Qr05YŮ7,ixo8ahF5Q[{HNG.r)Va(_rmw]wsM pei+XyPa95\2%t~PE@7$
U5J,ˍ04#ҭxUjHul!eP@(G$?ePT9[|:l=sT{w?u
U+}">ݷ>tE4sQV(M@ W
HDSQ[.*8BvB
ey/35HPq+Z~i!p.75/SƜy5=[=hc(Am$k,Lr`4#<ߖn[C|x_MfvKtK{!lÇLrIJޅ}\zaޭ06Hؑ%	 LSY잹k+*37H(SwRM
k.]Tu>3~@_9iL?*Oqg73mF)mT,1y96cȷ0pÂSm(MqGh)iP ONQʻל"&=VqNs1ưq՜Q.T8u4m_r"/4-G:9ZDV@82h0#*,"йphaGy)yP $*/y?πyoϹgm%{fl%am%;lG{e(,4so6a@?>`Ї;(\RmJ;>5{/_oՔt
R{:{Ҳ',6SהLkW4_iiW8%mc:d3Y16WrmVYɝ
Rq̿j`>)ͅM-T6S
k55kהn_;~e_')Nx3GJE}|>(lxrC,t8B){CTQɁR?֚bi!oO	t/Bp 3 ߱]LgڍO0zJ%:AE1' )M#NL=O+: XWO6ljZO?;Va8aBls
vr	PU5;M֠?H5;9k?ғr6)*p&*D>-pȼBN{Y皼5&s
h+cRP{۲B՞_.4^8W`׬ҏ#YL0\Ү!+Jʐ8B5._քLnyV)8Mq3H9Jv!BŠP1I9Q(ek3g`@t}F2uADCyѳ Bʑ$ȸi+6xxVjP_%M@O$~M}DLe-g,U5|lfSݖ״c*6<SOEO*e@،+0!2E\w[R[rW5{NBTQGտtCӦ8UW5#/4E5VGJ<cSR
3j!'gAP)\-$M?Ԯ7amF5M[!k4yI !]*DA֤R	ʃYΜӆ{|yVXͻQnz9tmsD/	'`mH|,'W7pOpPTZ@5
k[\jEGGvEpgGgճiq/̕Kf[S'{¿p?(6O[TY]	DD>r$Lq~6<
,tƋr*|gqEt!q#;YF[o#*HՄU%dfQs31$C;!AhKJ2uC[XI򑕸z$Q}vͼߚԭm*cܥ
ӂsTW\mML?{zz0-Kz~ 
!,tYEjΆϮNiEWH7JnpmCWalFMGZkxepkibMokΒfBJ	}GȖ,b?^nn&?_J7H	
\,7ROag%dG`٢k $^5 ulqIyI
ɷ?Q'V[9,%<"xH
"I[܄Sxhmヰ")fnR͈hM+
p2$?N~T'LdIwN1,a?ocw<s1Q$/JFPԶsX5_ hAwD6c6%2?NT?T!w#6;P&+{SFxTܟf<][|?D[GڒM9hm&w&8Тgq'iKr"`33^]RlJ6w4EZE>E@u'L.:;<_z^&;FJy	4~Mq*\I՜9LJool -n-TC&N Ѝo	 GAG(pePT0#
`dbH/g#nr};
Ly7mk1330s	٦D#~2uWHYh-wq7]fPyp43rAZ ቘHBMi}Ĭ=#͈tki'>)oNa<Mo2yx*_Rpb'&\@hቤ*,m$-tܐUӃv06#UnmA)꒫A#>
җD02E03]C
+C㾬(zPǹj>:ޟ)J_k
DOwXvM֞$KɊ4adobFX`;gT`&U~z#e
u
ztDb<jmBMӂ9C=;%
ŗx̞.iUO\薆0ٛ2M#MOdWMȮʖh"+ux/xHz|CgO<K@`L
e&*Sͥ@vCCwZ?ٽM8呂m*&TѶ@jzXۦ,FP7_*.>{F%-^
,ѶB7)XB=%6dóBQkCp`eLN(25Xfm'SjxC*J$^gNxma\=kXm:Sz
kmZg-6c
LXkD{[NjWQEM(wv:)񐔊:t}ƏBm,T	!	'3ܐs6}ZDMwjjm)
[~^V]4֑,Q9Z[JU~Щ1(×GGHi!t|zke[>h7"j@BhAߎ"Z.Z2d9?sFDm;/>0Q'BKqU\`.ל,
80';oKEt{#r撎 y^R&j4pzWD{3`.>cn֏G8mN`'#E}
+Kp߅*it|._`TW6|v|lA~9j)z
v=T_4|g|Tk٭QA<nlxDJ.Pe9ЈI߰'ͷg?	@|0yTT6<d?|LmbSz>Z8ΝhkNhff4Xy|':W
XI7a.4fa<؃]3v<椾	oLn,xGHh:ʐSHhmg#%ڌjmD=H3}JyAT˄DǠ/ӈLp\i\|{ݿH[rf?R)hdYh&,qO`2A^^H"-WDxG"Aomm[0ha:őbaGǣ 7lx"!vo^V0XԜ{L56
LiBbKwZTJH}\
W1mP5ڳs#vP:>C
׷$pOX`H /Wv+'6[BWvxUy|O \r8ǠJ>)2](4Rt/m0\W
o@ow(S&i䖫i@%yHkl-Tn(Fem5cנ@TEpPtIBiyPj-׶B6XCj\ȿ79{HUѶ7.C3i76`
vCU]h7i5ى	VG"aݾj?de3~Uj<>J@-2p[0֣K;ʜ߸xfk";&-	^XM\$`M3@	bjd v?l$gym~9ֶy{~CϣlB%gJv h8s8]m;hE(׫4Im1Fq6:e$g6&ӭmn1R>&Pe&sP۟	@7Ck®pyt,0ϔ+nM0w>)ȸ&tkz~S^^:**f4ή
ku]&(0A
yz5`~ǈt/I53O7hWg6NrȌkMCr
<ͱ*|iEntυcYFi8ByKm(;b}?(lx%WhisK2
yWYi(=Jp3Z6ړtwm²C_2BKaLvK
ghpv5?k[lng;9(ΰ3sNTuɻ[kK&Wq:zάfsKxSjW4p(=d.bhq?(lxr,S0j6Y:E<I53.?rN|獊%&TREB7^Q&'qOuwKr$`X/kU
OԤD55YH45IkRRN$6،kMt$@S|	-evD_逡ԁQ{Th6<nFf?π>l!'GXU7ל],9LY5A9$nqlwo'1'髚BԠ@Sl엣SNoD6"g{׬ś
I{棸g%毳0#m`n(R1[7B5öȃ#
91wN9TtnRzh{Qd<*ub-k
WjڶK8lx*=̟潩:}8n]>FJdK6%Wh:}a?jc2=ZaDۻK7jΆ=-!gqˉh2g'+>oEd󘜳1h#IxhG"kn1k">a JP|d3NwƸWdx㠰ቄtU[a'$6)onѬߚC#31)7tC`NabPb(;HS?vy
S?׿}o0ƿeiS+1ud"҅P_Ducjw%ZUHwOkylcQX'K>hq5[%}Y6NĊ8IJ$)FE0o*Fkkۗ6pDgGQ/v.//Һv[ׇ81ѷ3TUlFz-ڴiDR=ܭۼxr@pcß6Bݳ	xK?X.29HayB~!-_9.>0?!(c\
>')bn,69>˦+saŝP1HR4ӛĶzu#-d*JWzˍf)4ŃSREӀ=&JKi\w:듺2\׫r7/rɄMQ)PI"^B bC4aC0:Flàw&9;>!-n!V`FૅݘQ4wm9WG=N¹5zժScQGX}P
2Y#%pd*^Waﵵ1{ZI1`
l58aWdCvPK!d"xl/theme/theme1.xmlZ͏@]{a9Ч7z]HI^p@R+
KIKZ C6#g4-v2Co{|
9w? BRt!&ˮd2=$Nt5G~@E$&y^TzPcy$\XXV_ޘUCoVcL%8e:#޽)%3"%<&f]&	RbX*ϫ޻[S{dKrc)(l׃~`j7j><iƥ3h4vcKҡ
j694ao@3;aPo{~,e>7|l,8;t;ͦѰ.=ł'j_ch Ê&HS3^DC*SJq%a@po,.Ik^Di>HMU{Z?x}g/e2U!Neǯve_?Za߽+2|Bc"	DyhLa'Sq3I%#P=R<Ycm§xzF<p࡞d*Y'218<Z^K "S$!
9!Rˮt&>$::1e"ls9s=\HX9Ox]*'8feaHŬI^hNt<%?Đ؜n?fF
E]:0e䐟"N4؏9(F\^!~J''ʔѿ×	-0qe
#BsBГ<l^~AV9$zX	f7EQiY=|'14׭Н
X|fe	iGt{Oiڥ;^ߛ1Xn.AXf5A0Lё+݂BDU#r-E[#߉i/;z܊ߥٗWu9pSd7qݶ6[˷
mCsи^>HCS0[=f'޻ﳠ5#GlHxaI>`~-62Hp+?ϥU/%Jm#3l6T5fiyīboS6[U*C7[淡n.V놀	d6Dk3z8XvLԶ^no]QsjWO3&+Gl-z}<tY-)YX$L'#xΣSwS_w
Z)6j_$r-7)X.a<4i[1\)^-eD&B!Qfqu2T~m8$\ϕ\ύx2Y,L^іn!g{+pY4DS1XhΩ sy6w2:*1fiR-sA.f0	K]a߹쾾VkSM+ΦʗXUb9Iv2D̢aQ{Jէn"ۖ~BlK|ͧ yqŲni-Sa|;u~dh24KU]c~xw,yamݞ-].-حp^Wmu+l]D]ffM6]+:gY<sNJЮkѫƠJV+FV5`a?(٧c8
b3D93q# >Ⱦh@Z(pPfv֫0An{zp87JskTzڠl8Շ>so1:涀KPK!qu_7
xl/styles.xml[ݏ8d»f!&3+jssn#DEZ_WOOs7<ȢĿ^Hmž'~my8N(	?Mn'X3u|x3C(lcRWg"_(L<
$wێ%rQx`D&_>&{oZ^' dYx>]	VrNᎥdZ)%\Jr77=I/
Q񉳩/P*!zIE6$ۖDgӁ0?|m6?7Ӆia!47='j
q <{uiS@R`K
tEK
',Y/50dc;r"ڈ;ӇŨ&QDiVge.\RJ+x6L5j[Y)c.1\a{ԥAl
Q߀?|X7#ڕ^t"X̍f`%佐2dr
QA(}"M]ga-!,5MG'9hb?q'+A1*`xxbhM1ck{ve٘q*A
T2ȥ*!Wf	vh]@ZJE+>khf~頔⥖y_6jq

R^0D6U&-2^sźQYjY՗]*R3qonмKT?-?h{Nd6ET6Еqh$4b,Z)ܾ:{Fb#&ڍ:t+&~f2vsKWSy"?F<8rm(fùRW(J#Ap9c,t;gR~J&l_! [:`i/
ya^!%*C:%x|,x\<n%ǿ΅s8V+vǜ[/7PW+z2 
0ղaF (ko1hr]BozO
iPHynu&

YzOY[nx	$/H  w#~l0=YVw$FY)؆K56M9<
=E3ģJ}oj	+Ԃ}/+u~^yS^~h}ӯ8u۰S[rv˙Zw5f³!7D~5дIN\.7c'ߍUnEK/%ߝs2>):cG_꽢
zfe%Mb\n<̝_jb3n'z!#7z+\Pŏo\aG&4OF3N稝:_tԾ>_,ܕ3_j]Σ$pk.O6ibgN`gQUѓN`:AO]'P3՚sɒD_Q$D"?U"l-	g&!%үfPK!ȇ6?xl/sharedStrings.xml[nȶ?ҼC)=$;9=}D0v@8ёhب1xg9U-
k֙xL*-_#>͗DG>Ί<KRÏ?Z`l^rggb$9<:ryVm$VIR`lXۼƺo__mM構ћޟޟ6?i[%ƖZad{n
߸ߣ;k5@(<DcG4p湑FxZݹ<kR@&kG+kn7wif1gO;7&v~jWCksW3\h0zX~}ǃ}[?8ӏ?"Wq?| nhya]Bφ#AB{zu(\`(-y2|Gˤ'φ9ۛ,aӭb/bL=0\M5q<3\zD{6L}w6xk<>|Đo⼑hDg<1̏8N0YE&Xe%8}3bB.phҭ\mVڑ1!me-0SmQXz
^J]Zep:xmeY,$!0@HY9Ȭ'c",_"ęG:k	w**k'Z{<[߀y6K*nxјᐌziSҁNp6VYaOBӀF@GƉ/I]ؤIWAmetng'lEZf4(b)gdE:čum+anǺɟ^53aE?.>,Ŷŧa֚?0V5UчtEF4+Cx(S#O{ѨP,(.I-Y	BrL4CNF&WMp{$>*s\D,)He^vMb۟s~B{
[lntDNns%x

]J8pGC!c@%]V (x`AZ,(ywVPL?Ih'\ƶ!4r
ߑǈ鷯Ų7+qw
p?jBq/XqYȱQwZʰ.MobSNb3i5ı4P`W2TY.%`&%?iELI<
f遑=&Π4.aؤHzQ̀PA L-<i^t<NLn\z889fs
#$NUZI /STl˥OSu/]^>]cFШ1F752`,c1Kp\|Ns2F.m<@m#}&h䩞Bzk6i0xLI"H64~D4fIvFz
1)e0D/ԶME?CkrJ	yem.6sAҹ&<ZLݖdZ$2bWHK#xO%)_fgq-	y2_g<I)._e6$%71%PJRhtTKW+dMKa_X׺Qzg4/@"]ͽ5"-ov)AB7AÊ?|pz*-ur2aJFu~Nؘ0FZ4\
I:?g(5#K9p)B 
O/!9e
b6x$Rc@ѡm
noR4cКN1EŋψBMnHl(\KmErnQk(ΝOX~eŹ޼mJtKéj;|fn!Y-Xc]ǭ>ٖ\B
b<~TX0M;k}Z&@Xr={UK(Ot,#Ȇm
4Z
h8ю ':
vV@ME̾}ͱ}e(=?*ZQtGcqY)	/b3/%"{P^ťÒ$,
TR|cŠ<QM
E@pcj	=V
ֈ<LeNa9CLTa;jkbe19L$
5 #4KeSNQ^
dpŅ.&L"^HvqUO>=ްeM>,L=YJF@ϮM61Qc5қ$ҧ紘0fv4HPͪf&RO8F>#!9#}9aOuK
)FȥHCgZ^Y^z}4́.t~sKJ+D5(CJCO#0Dmg%ˢ&l^rAMMƧ>=&j(麀e-g =AHP3[EgXO8=)&jJ8=gRt lT~HE¤zodtTaE##TRie5&:GGnQH4K˝'ݾh1E%-:*cs!S|IxJ	faT:^iL.mxy9%#sCm:mWBsI.U-z'\	2qu!IQQd+SSC֤
xH9U^_q\;kro3Y^m؝~5}FS!D451s'W'{!rkTcdYe	wek2ΰ:~<sPd2EvՐ\r3QBɰE9&v\nz!$SΊHzf!wu>;G0qZ^ZjIReMh]Q.}x1٭l'HL(.vx!2PFokosPu]|~0Q)33e ҭʿNJ
X+!'c쌙v46ao	t.T%3
W׍s#3(0J97Sj{48b[Y\w2gFiRdYs%:_׎(ş\!,z1}8KEoט!3[-1sP1S]39=BT@?l2MP)p%+EM/T.b(;
N%U{_QGnoZ.ImOW8YZ2D[r:vWW	]x2΋'٪ЪTmh^hXh(5'!s9~H<oS&q#;ٟ !.^Qvu]:4MZi$YWAHe-QvM|WbU\,Q\s&)C9C<1\ܾEżum|Ilx^芅4W~(hzN,6>)1x4A2"1`gbUH}%K獵Soǻٺb;
~`D+/MA&( r̝zM4u.2lCt'y'<
T(yvWm%q
#w`"2n]W
Պt,х++f6hHt{l Gx\o=b٢J1EJoF+P)-S<M<_oSזB,@ށ遇UAWNt]t]gc̓=TԿ֐{M7Km*K+?:$]:aYFSU	rf|0]7H'q>
&͑/IX?㙄[G=jaNM>w(8	Ӽ8(PEWoHcgV9MϬLvI@%$CF!D[fĊ"wI6$9~}\|1E	U Ϟ,R66rq|7υnh	`r]=bβ5MNtLN'4")hL׌2í~7rt/];:]~gkʌ-
/=]!k8Wov@}dt%P}(45?i-M~NV٦'tMp,RtBȸYɮLDX"dQQOj(_x<dJ#cpIpvw\%RHW͘CEilq0[H{lMiuov}y7ͧm㱚fV[|/k_"y[*vmo=y9hk2CMq6D
|a^ÖvM$o]0^ߋ)$+ xPK!RD>#xl/worksheets/_rels/sheet1.xml.relsϱj1w0{t(/KȐ`l')GR(t?~iXrd`\f_+(nM6Y+Q
ʛ.\$r]lκXw3㝩@Hv=A"uzgA]qjX&/PK!QdocProps/core.xml (QK0C{Ӆ[L`$ߛ[LDKr9d]UF`uhBPZRu
Es-yYkg0Llmz.
$09xoNl.	
V܇]c;_N	
<sc)E4lR`(	Zr6R~oB![ثwNvlGc5VٕTdR0as(.oaQQ1eәၪhɝ__0
؍ˬx<nnsT$dђv1e6^~7Dh8(2|m/PK!z}docProps/app.xml (n0n(@VQ-zذIzge:*Kɞ~ζn$'JغÔmJQ7~WNJ0{JRb.JBlBYiBj8M;|Т'yS:
M`z9E!Fg
R&*SQ1!Y:Ri.X72*YP/V`S֪EB*kdq*A1b3%Ƃ#r(4|hಱ7XDXa?$|J>0qo:O{9n{Mx^z	k~M7Y[?vV~-}'5%?
PK-!bh^[Content_Types].xmlPK-!U0#L_rels/.relsPK-!xl/workbook.xmlPK-!>h
xl/_rels/workbook.xml.relsPK-![sxl/worksheets/sheet1.xmlPK-!d"xl/theme/theme1.xmlPK-!qu_7
xl/styles.xmlPK-!ȇ6?`xl/sharedStrings.xmlPK-!RD>#ȡxl/worksheets/_rels/sheet1.xml.relsPK-!QբdocProps/core.xmlPK-!z}]docProps/app.xmlPK